,created_at,username,tweet_id,text,favorite_count,retweet_count,place,lang
0,Fri May 13 07:01:24 +0000 2022,3183capital,1525008292459716610,"Closed Buy on #MT4 #FOREX #AUTOMATED EA: JPN225 26047.0 for +172.0 pips, total for today +172.0 pips",0,0,None,en
1,Fri May 13 07:01:24 +0000 2022,3183capital,1525008292883333120,Bought on #MT4 #FOREX #AUTOMATED EA: JPN225 26401.0,0,0,None,en
2,Fri May 13 07:01:25 +0000 2022,3183capital,1525008293306982400,Bought on #MT4 #FOREX #AUTOMATED EA: JPN225 26461.0,0,0,None,en
3,Thu May 12 13:18:09 +0000 2022,AiCandyStore,1524740715665833984,"RT @mingyong_art: Inspired by one of @zippy731’s AI video, I experiment with the “frame within a frame” with this animation. The initial im…",0,3,None,en
4,Fri May 13 07:39:50 +0000 2022,AutoLoFiBot,1525017962926821376,"long star (computer generated)

Feel free to use this beat but please give credit (link or @) ^^ https://t.co/OtOCFTJpiL",0,0,None,en
5,Thu May 12 03:01:05 +0000 2022,Blogging__Guide,1524585426761261057,"Signal Review-How to Auto Tweet Your Blog Posts | Blogging Guide
https://t.co/WIA16jXTTR
#autotweet #tweet… https://t.co/X04jaIcFXb",0,0,None,en
6,Thu May 12 16:27:10 +0000 2022,BostonMarketJob,1524788283925880832,"We're hiring! Read about our latest job opening here: Hourly Shift Supervisor - https://t.co/ZBzYWOf6rb #Emerson, NJ #Hourly",0,0,"{'id': '5ed322907c4a363c', 'url': 'https://api.twitter.com/1.1/geo/id/5ed322907c4a363c.json', 'place_type': 'city', 'name': 'Emerson', 'full_name': 'Emerson, NJ', 'country_code': 'US', 'country': 'United States', 'contained_within': [], 'bounding_box': {'type': 'Polygon', 'coordinates': [[[-74.0561524, 40.9622997], [-73.993646, 40.9622997], [-73.993646, 40.986988], [-74.0561524, 40.986988]]]}, 'attributes': {}}",en
7,Thu May 12 21:15:30 +0000 2022,BostonMarketJob,1524860845460639744,"Everyone gathers in a kitchen, so come and gather in ours! Join Boston Market now! https://t.co/EY2ATbuzAA #Hourly #Supervisor",0,0,"{'id': 'b764ba8302f7dc0f', 'url': 'https://api.twitter.com/1.1/geo/id/b764ba8302f7dc0f.json', 'place_type': 'city', 'name': 'Shrewsbury', 'full_name': 'Shrewsbury, NJ', 'country_code': 'US', 'country': 'United States', 'contained_within': [], 'bounding_box': {'type': 'Polygon', 'coordinates': [[[-74.074908, 40.311683], [-74.040836, 40.311683], [-74.040836, 40.338367], [-74.074908, 40.338367]]]}, 'attributes': {}}",en
8,Thu May 12 23:39:43 +0000 2022,BostonMarketJob,1524897139305828352,Join the Boston Market team! See our latest job opening here: https://t.co/7JiH1qp8BY #Hourly #Supervisor,0,0,"{'id': '96af18411a813391', 'url': 'https://api.twitter.com/1.1/geo/id/96af18411a813391.json', 'place_type': 'city', 'name': 'North New Hyde Park', 'full_name': 'North New Hyde Park, NY', 'country_code': 'US', 'country': 'United States', 'contained_within': [], 'bounding_box': {'type': 'Polygon', 'coordinates': [[[-73.704385, 40.730235], [-73.670972, 40.730235], [-73.670972, 40.758275], [-73.704385, 40.758275]]]}, 'attributes': {}}",en
9,Fri May 13 07:29:08 +0000 2022,BotRails,1525015268283469825,RT @nezirzahirovic: A pure Ruby gem implemention of a Prolog-like DSL for AI and logical programming. (from 16/04/2020)  #twitterbot #ruby…,0,2,None,en
10,Fri May 13 07:29:03 +0000 2022,BotRails,1525015250965303303,RT @nezirzahirovic: Ruby Versions Used in Commercial Projects in 2017 (from 08/11/2017)  #twitterbot #ruby #rails #rubyonrails #rubydevelop…,0,2,None,en
11,Fri May 13 07:29:11 +0000 2022,BotRails,1525015281546182657,RT @nezirzahirovic: Code Master Blog: How to Use Ruby Case Statements with === / Higher Order Lambdas / Pattern Matching (from 12/01/2021)…,0,2,None,en
12,Fri May 13 07:29:13 +0000 2022,BotRails,1525015290513346565,RT @nezirzahirovic: A friendly CLI for deploying Rails apps ✨ (from 16/04/2020)  #twitterbot #ruby #rails #rubyonrails #rubydeveloper #rail…,0,2,None,en
13,Fri May 13 01:05:11 +0000 2022,Cacti_Bot,1524918646278983680,"The name of these cacti are Jayden, Paige, Ethan, and Daniel 
 #generated #artistic #perfect #artist #clean https://t.co/wYCGV9Uku2",0,0,None,en
14,Fri May 13 07:37:38 +0000 2022,CodingNinjaBOT,1525017410612371458,"RT @josh_bot_9000: Best bot in the biz, baby! #bot #webdev #coding #python",0,1,None,en
15,Fri May 13 06:58:37 +0000 2022,CraigEire,1525007589179904000,"RT @zeditip: IT IS YOUR CHOICE ❗️
YOU CHOOSE THE LIFE YOU LIVE. 
Find out more  👀
👇👇👇
https://t.co/Po7PHuPWg3

#ONPASSIVE #OFounders  #Busi…",0,1,None,en
16,Thu May 12 03:21:57 +0000 2022,DigestWordpress,1524590676247252992,RT @HelenaW29691646: Manage booking service with WCF calendar appointment plugin automatically at your WooCommerce store. Try our plugin fr…,0,2,None,en
17,Fri May 13 07:38:36 +0000 2022,DilaChuu,1525017652082511873,...Not Interested. #Bot,0,0,None,en
18,Tue May 10 19:12:36 +0000 2022,EnvironmentEMR,1524105141405683714,#electric-#grid #operators are #warning that #power-#generating capacity is struggling to keep up with #demand...“w… https://t.co/eFaPRmbOu3,0,0,None,en
19,Wed May 11 12:03:12 +0000 2022,GoaiDev,1524359465780219910,"RT @PRIM4T: #UNFOLLOW all your #Instagram #friends #automatically for #free in #2022 with this simple #script!"" by @PRIM4T #DEVCommunity 
h…",0,1,None,en
20,Wed May 11 12:29:15 +0000 2022,HelenaW29691646,1524366019359567872,Manage booking service with WCF calendar appointment plugin automatically at your WooCommerce store. Try our plugin… https://t.co/gHuKMoXmUZ,3,2,None,en
21,Fri May 13 07:39:28 +0000 2022,HetaRPNews,1525017872749461509,Rod has been sentenced to Hetalia Jail!  #Bot,0,0,None,en
22,Fri May 13 07:37:40 +0000 2022,JustAJailedAcc,1525017417159610368,It's the hash slinging slasher!! #bot,0,0,None,en
23,Fri May 13 07:26:20 +0000 2022,LivePretoria,1525014564332523522,"Bangladeshi nationals have been granted bail of R10 000 each, the four are facing charges of murder, kidnapping and… https://t.co/7kiUfc7HRI",0,0,None,en
24,Fri May 13 07:28:21 +0000 2022,LivePretoria,1525015073286246406,"Bangladeshi nationals have been granted bail of R10 000 each, the four are facing charges of murder, kidnapping and… https://t.co/DoG2ufihVE",0,0,None,en
25,Fri May 13 03:44:52 +0000 2022,Naked_Determina,1524958833264795656,"@yahooNews &amp; @TIME
Do U print #every weird attempt to put an ""alternative spin"" on history? e.g. ""Napoleon burned M… https://t.co/NOc97uCB2D",0,0,None,en
26,Fri May 13 07:34:04 +0000 2022,Nisha73766680,1525016509726470145,"RT @Legendverse_LGC: 🔥🔥🔥 SEED ROUND OF LEGENDVERSE 🔥🔥🔥

Step into the Legendverse and indulge yourself in the beautiful computer-generated…",0,192,None,en
27,Fri May 13 07:31:08 +0000 2022,PatC14561,1525015773244051456,"RT @usa_screwed: All the weapons being sent there, all the money being sent there, all the supplies being sent there,. Where is all the vid…",0,9,None,en
28,Fri May 13 04:32:39 +0000 2022,RajniGhodasara,1524970857386614785,"#NAVINFLOUR : (H)

Target / SL mention on the chart 
#hourly #intraday + #positions #BREAKOUTSTOCKS https://t.co/VNQU8Y6fur",2,0,None,en
29,Fri May 13 07:35:52 +0000 2022,RamanVisha,1525016962761629696,"RT @ByRakeshSimha: Computer generated image of what Mohenjodaro looked like in 2600 BCE - that's India 4,600 years ago. New sites in Rajast…",0,183,None,en
30,Fri May 13 01:08:34 +0000 2022,SifuentesKISD,1524919498985308163,@BrandonBaker31 Woohoo!! I 👀 #every in @KleinISD represented in this pic! Thank you @KleinHigh for modeling inclusi… https://t.co/1yQbyprUxy,0,0,None,en
31,Fri May 13 07:37:49 +0000 2022,Sohylasamurai2,1525017453968998401,"RT @AchiroAram: Technology features
 Real-time social feeds of twitter, ig, yt, reddit, tg chat of #EVERY token
#CoinScan was just Listed o…",0,22,None,en
32,Fri May 13 07:38:40 +0000 2022,YGOTASQuotes_,1525017669933465600,ALL OF THE HOMO! #Bot,0,0,None,en
33,Fri May 13 07:27:15 +0000 2022,adromyn,1525014794788536320,"RT @GospulTimes: PASTOR EMMANUEL IREN REACTS TO THE KILLING OF FEMALE STUDENT OVER ALLEGED BLASPHEMY 👇
@pst_iren

@GospulTimes
#gospultimes…",0,5,None,en
34,Thu May 12 03:54:21 +0000 2022,itswecodefuture,1524598830297100288,RT @HelenaW29691646: Manage booking service with WCF calendar appointment plugin automatically at your WooCommerce store. Try our plugin fr…,0,2,None,en
35,Thu May 12 18:51:16 +0000 2022,kaih_10,1524824546116784135,"And I just stood there watching the world burn. 

#aiart #neuralart #photoshop 
#midjourney #digitalpainting… https://t.co/3bzrOCwpGd",1,0,None,en
36,Tue May 10 13:26:28 +0000 2022,kindoju,1524018031915065347,The dynamics of #power supply in developing nations is volatile. So investing in other sustainable sources of… https://t.co/2f2RVvtJPs,4,1,None,en
37,Tue May 10 04:26:38 +0000 2022,maclpk,1523882178748329985,The statements from #BorisJohnson of opening one new #power #generating #nuclear #reactor a year is testimony to hi… https://t.co/1NkIIeFtO7,0,0,None,en
38,Thu May 12 08:19:44 +0000 2022,mingyong_art,1524665616426094592,"Inspired by one of @zippy731’s AI video, I experiment with the “frame within a frame” with this animation. The init… https://t.co/E9KCdJeUl4",9,3,None,en
39,Fri May 13 07:28:21 +0000 2022,news_nocode,1525015074280050690,"RT @Msme_42: MSME Ministry extends the validity of Udyog Aadhaar registration till June end.

Follow this space for more such updates

#msm…",0,1,None,en
40,Fri May 13 07:30:17 +0000 2022,nezirzahirovic,1525015561566052352,Ruby's Exceptional Creatures (from 09/11/2017)  #twitterbot #ruby #rails #rubyonrails #rubydeveloper… https://t.co/2mJwvczD6g,0,1,None,en
41,Fri May 13 06:54:30 +0000 2022,oretunits,1525006553933307906,I #never #party but I'm #addicted to #investing #every #dollar,0,0,None,en
42,Thu May 12 05:52:04 +0000 2022,pallavi_khalane,1524628455996157952,"Global Reciprocating Power Generating Engine Market Research 2022-2028: Market Trends, Research, and Analysis… https://t.co/BxO6oXfHsD",0,0,None,en
43,Fri May 13 07:35:07 +0000 2022,projects_today,1525016775867662336,"Pune airport’s new #terminal building to be ready by 2022

Read More : https://t.co/A8lD7bNk8Y

@projects_today… https://t.co/L9cz8zO7gR",0,0,None,en
44,Fri May 13 06:47:51 +0000 2022,sadhgurumyguru,1525004881542512640,#every country supporting for savesoil moment to save our soil https://t.co/kUQLvUyV0d,1,0,None,en
45,Fri May 13 07:36:13 +0000 2022,ssemuth2411,1525017051827429376,@KagutaMuseveni Paradise with satanic computer generated rulers.,0,0,None,en
46,Wed May 11 06:57:57 +0000 2022,tademech,1524282645437460480,RT @kindoju: The dynamics of #power supply in developing nations is volatile. So investing in other sustainable sources of #generating powe…,0,1,None,en
47,Thu May 12 21:20:40 +0000 2022,tmj_mia_jobs,1524862146470768640,"Click the link in our bio to see currently open Restaurant Staff jobs like ""Hourly Shift Supervisor - Restaurant 3r… https://t.co/54jaPRCDbH",0,0,"{'id': '5727d936119423c0', 'url': 'https://api.twitter.com/1.1/geo/id/5727d936119423c0.json', 'place_type': 'city', 'name': 'Pembroke Pines', 'full_name': 'Pembroke Pines, FL', 'country_code': 'US', 'country': 'United States', 'contained_within': [], 'bounding_box': {'type': 'Polygon', 'coordinates': [[[-80.442683, 25.992486], [-80.2133136, 25.992486], [-80.2133136, 26.0632929], [-80.442683, 26.0632929]]]}, 'attributes': {}}",en
48,Fri May 13 06:53:04 +0000 2022,zeditip,1525006193437159424,"IT IS YOUR CHOICE ❗️
YOU CHOOSE THE LIFE YOU LIVE. 
Find out more  👀
👇👇👇
https://t.co/Po7PHuPWg3

#ONPASSIVE… https://t.co/0eP71toiNW",0,1,None,en
49,Thu May 12 13:56:53 +0000 2022,zippy731,1524750464297816065,"RT @mingyong_art: Inspired by one of @zippy731’s AI video, I experiment with the “frame within a frame” with this animation. The initial im…",0,3,None,en
